insert into school
values (
        551003,
        "Πρότυπο Λύκειο Αναβρύτων",
        "Λεωνίδας",
        "Μάντζος",
        default,
        default,
        "mail@lyk-peir-anavr.att.sch.gr",
        "Λεωφόρος Κηφισίας",
        184,
        "Αμαρούσιον Αττικής",
        80085,
        2106233215
    ),
    (
        712605,
        "2ο Γυμνάσιο Θεσσαλονίκης",
        "Γεώργιος",
        "Παπαδόπουλος",
        default,
        default,
        "mail@2-gym-thess.thess.sch.gr",
        "Ερμού",
        57,
        "Θεσσαλονίκη",
        54623,
        2310512345
    ),
    (
        920305,
        "Hogwarts School of Witchcraft and Wizardry",
        "Albus",
        "Dumbledore",
        default,
        default,
        "noemail@sendowl.youmuggle.co.uk",
        "Forbidden Forest rd.",
        666,
        "Hogsmeade",
        26222,
        2610712345
    ),
    (
        326010,
        "4ο Επαγγελματικό Λύκειο Ηρακλείου",
        "Αθανάσιος",
        "Παπαδόπουλος",
        default,
        default,
        "mail@4-epal-irakl.sch.gr",
        "Αγίου Δημητρίου",
        13,
        "Ηράκλειο",
        71203,
        2810912345
    );


INSERT INTO book VALUES (null,551003,'9780008238094','A Knight of Seven Kingdoms',355,'English','HarperCollins',"Almost a century before A GAME OF THRONES, two unlikely heroes wandered Westeros... In an age when the Targaryen line still holds the Iron Throne, and recollections of the last dragon have not yet passed from living memory, a naive but courageous hedge knight, Ser Duncan the Tall, towers above his rivals - in stature if not experience. \nTagging along with hum is his diminutive squire, a boy called Egg, whose true identity must be kept hidden: for in reality he is Aegon Targaryen, and one day he will be king. Improbable heroes though they be, great destinies lie ahead for Dunk and Egg; as do powerful foes, royal intrigue, and outrageous exploits.",5),
(null,551003,'9780553801477','Dune',604,'English','Ace Books',"Set in the far future amidst a sprawling feudal interstellar empire where planetary dynasties are controlled by noble houses that owe an allegiance to the imperial House Corrino, Dune tells the story of young Paul Atreides, whose noble family accepts the stewardship of the desert planet Arrakis. As the only source of the spice melange, the most important and valuable substance in the universe, Arrakis becomes the coveted prize among competing factions. Paul must rise up to lead his people and fulfill his destiny as the Kwisatz Haderach.",7),
(null,326010,'9789601417875','Ο Προθάλαμος',402,'Greek','Κέδρος',"Ο Προθάλαμος είναι ένα μυθιστόρημα που αφηγείται την ιστορία του Ουίνστον Σμίθ, ενός απλού υπαλλήλου σε μια απομονωμένη υπερδύναμη. Ζώντας σε μια καταπιεστική κοινωνία όπου η ιδιωτική σκέψη είναι αδίκημα, ο Σμίθ αντιμετωπίζει τον εσωτερικό του αγώνα για ελευθερία και αυθεντία. Με θεματολογία που αγγίζει ζητήματα εξουσίας, ελευθερίας και συνείδησης, το μυθιστόρημα αποτελεί κλασικό έργο της δυστοπικής λογοτεχνίας.",3),
(null,712605,'9780143135162','1984',328,'English','Penguin',"1984 is a dystopian novel by George Orwell. The story takes place in an imagined future where the world is divided into three superstates and perpetual war is waged among them. The novel follows the life of Winston Smith, a low-ranking member of the ruling Party, as he begins to question the Party's oppressive control and seeks freedom of thought and expression.",9),
(null,551003,'9780061120084','The Catcher in the Rye',224,'English','Little, Brown and Company',"A coming-of-age story about teenage angst and rebellion.",2),
(null,326010,'9786180113283','Το Όνομα του Ανέμου',536,'Greek','Πατάκης',"Ένα αστυνομικό θρίλερ γεμάτο μυστήριο και ανατροπές.",3),
(null,551003,'9780142419403','To Kill a Mockingbird',324,'English','Harper Perennial',"A powerful story tackling racial injustice and loss of innocence.",1),
(null,712605,'9789601426143','Ο Άρχοντας των Δαχτυλιδιών',528,'Greek','Αίολος',"Ένα επικό ταξίδι στη μαγεία και τη μάχη για το καλό.",5),
(null,551003,'9780140283334','1984',328,'English','Penguin',"A dystopian novel depicting a totalitarian society controlled by surveillance and manipulation.",2),
(null,326010,'9780140449146','Ιλιάδα',704,'Greek','Πατάκη',"Η επική αφήγηση του πολέμου της Τροίας και των ηρώων της. ",3),
(null,712605,'9780141439600','Pride and Prejudice',480,'English','Penguin',"A classic tale of love, manners, and societal expectations in 19th-century England.",7),
(null,551003,'9789601630944','Το Ταξίδι του Ηρακλή',398,'Greek','Ψυχογιός',"Οι περιπέτειες του μυθικού ήρωα στην αναζήτηση των δώδεκα άθλων του.",4),
(null,920305,'9781501173219','The Alchemist',208,'English','HarperOne',"A journey of self-discovery and following one's dreams, set in mystical realms.",6),
(null,326010,'9789601603139','Ο Ταχυδρόμος',224,'Greek','Καστανιώτη',"Μια καταπληκτική ιστορία γεμάτη αγάπη και ελπίδα.",2),
(null,551003,'9780062671168','Educated: A Memoir',334,'English','Random House',"A powerful memoir about the transformative power of education and overcoming adversity.",5),
(null,712605,'9786180114280','Εγώ, το Αλτσχάιμερ και ο Εγώ μου',256,'Greek','Εκδόσεις',"Μια συγκινητική αυτοβιογραφία γραμμένη από έναν ασθενή με Αλτσχάιμερ.",8),
(null,920305,'9780141187761','Brave New World',288,'English','Penguin',"A dystopian novel depicting a futuristic society controlled by technology and social conditioning.",3),
(null,326010,'9786180136589','Η Φάρμα των Ζώων',112,'Greek','Κέδρος',"Η κλασσική αλληγορική διήγηση για μια φάρμα, με την οποία ο Όργουελ σχολιάζει και σατυρίζει τον ολοκληρωτισμό.",4),
(null,551003,'9789601417851','Ο Διεφθαρμένος',304,'Greek','Κέδρος',"no summary",6),
(null,712605,'9780142419403','To Kill a Mockingbird',336,'English','Harper Perennial',"no summary",4),
(null,326010,'9789604580105','Ο Πρίγκιπας',96,'Greek','Ψυχογιός',"no summary",8),
(null,920305,'9780062315007','The Hobbit',400,'English','HarperCollins',"no summary",3),
(null,551003,'9789601408446','Οι Περιπέτειες του Τομ Σώγιερ',352,'Greek','Πατάκη',"no summary",7),
(null,712605,'9780141439617','Jane Eyre',624,'English','Penguin',"no summary",5),
(null,326010,'9786180100505','Το Δείπνο',250,'Greek','Κέδρος',"no summary",2),
(null,920305,'9780141185040','1984',336,'English','Penguin',"no summary",9),
(null,551003,'9789602887058','Ο Ξένος',160,'Greek','Μεταίχμιο',"no summary",4),
(null,712605,'9780141182506','The Great Gatsby',240,'English','Penguin',"no summary",6),
(null,551003,'9789601422862','Ο Αλχημιστής',208,'Greek','Ψυχογιός',"no summary",3),
(null,326010,'9786180500976','Η Πολεμική των Θρόνων',416,'Greek','Ψυχογιός',"no summary",5),
(null,712605,'9780060736264','The Catcher in the Rye',234,'English','Harper Perennial',"no summary",1),
(null,551003,'9789601420189','Ο Μικρός Πρίγκιπας',96,'Greek','Ψυχογιός',"no summary",2),
(null,712605,'9780061122415','The Alchemist',197,'English','HarperOne',"no summary",6),
(null,712605,'9789604532333','Οι Περίεργες Ιστορίες του Μπρούσκο',288,'Greek','Εκδόσεις Πατάκη',"no summary",4),
(null,712605,'9780140274143','Brave New World',288,'English','Penguin',"no summary",3),
(null,551003,'9786180306319','Ο Μισοξένος',216,'Greek','Κέδρος',"no summary",5),
(null,712605,'9780141439563','Wuthering Heights',464,'English','Penguin',"no summary",8),
(null,551003,'9780198570800','Introduction to Algorithms',1312,'English','The MIT Press',"no summary",1),
(null,712605,'9780321812186','Artificial Intelligence: A Modern Approach',1152,'English','Pearson',"no summary",7),
(null,326010,'9780321714114','Computer Organization and Design',800,'English','Morgan Kaufmann',"no summary",5),
(null,920305,'9780691161517','The Princeton Companion to Mathematics',1056,'English','Princeton University Press',"no summary",9),
(null,551003,'9780262533058','Deep Learning',800,'English','The MIT Press',"no summary",2),
(null,712605,'9780134685991','Data Science for Business',414,'English',"O'Reilly Media","no summary",1),
(null,326010,'9783540779735','Pattern Classification',992,'English','Springer',"no summary",4),
(null,920305,'9780691176504','Quantum Mechanics: Concepts and Applications',640,'English','Wiley',"no summary",3),
(null,551003,'9780521113975','Linear Algebra and Its Applications',528,'English','Academic Press',"no summary",5),
(null,712605,'9780262033848','Introduction to the Theory of Computation',800,'English','The MIT Press',"no summary",8),
(null,551003,'9780500239590','The Story of Art',688,'English','Thames & Hudson',"no summary",5),
(null,712605,'9780714833552','The Shock of the New: Art and the Century of Change',448,'English','Thames & Hudson',"no summary",3),
(null,326010,'9780300143328','A World History of Art',992,'English','Yale University Press',"no summary",6),
(null,920305,'9780300207313','The Art Book: New Edition',584,'English','Phaidon Press',"no summary",4),
(null,551003,'9780714862477','The Penguin History of the World',1280,'English','Penguin Books',"no summary",7),
(null,712605,'9780060194390','Guns, Germs, and Steel: The Fates of Human Societies',480,'English','W. W. Norton & Company',"no summary",5),
(null,326010,'9780192801341','A History of the World',544,'English','Oxford University Press',"no summary",4),
(null,920305,'9780143110014','Sapiens: A Brief History of Humankind',464,'English','Penguin Books',"no summary",6),
(null,551003,'9780679723122','Collapse: How Societies Choose to Fail or Succeed',608,'English','Penguin Books',"no summary",3),
(null,712605,'9780062316097','The Gene: An Intimate History',608,'English','Scribner',"no summary",1),
(null,712605,'9780008238094','A Knight of Seven Kingdoms',355,'English','HarperCollins',"Almost a century before A GAME OF THRONES, two unlikely heroes wandered Westeros... In an age when the Targaryen line still holds the Iron Throne, and recollections of the last dragon have not yet passed from living memory, a naive but courageous hedge knight, Ser Duncan the Tall, towers above his rivals - in stature if not experience. \nTagging along with hum is his diminutive squire, a boy called Egg, whose true identity must be kept hidden: for in reality he is Aegon Targaryen, and one day he will be king. Improbable heroes though they be, great destinies lie ahead for Dunk and Egg; as do powerful foes, royal intrigue, and outrageous exploits.",2),
(null,712605,'9789604580105','Ο Πρίγκιπας',96,'Greek','Ψυχογιός',"no summary",11),
(null,551003,'9780141182506','The Great Gatsby',240,'English','Penguin',"no summary",6),
(null,551003,'9789608745216','Σχολή Αναβρύτων, κριτικό οδοιπορικό στο χώρο και στο χρόνο',110,'Greek','Εκδόσεις του Δήμου Αμαρουσίου',"no summary",4),
(null,920305,'9780140283334','1984',328,'English','Penguin',"A dystopian novel depicting a totalitarian society controlled by surveillance and manipulation.",2),
(null,712605,'9780140449146','Ιλιάδα',704,'Greek','Πατάκη',"Η επική αφήγηση του πολέμου της Τροίας και των ηρώων της. ",18),
(null,920305,'9780141439600','Pride and Prejudice',480,'English','Penguin',"A classic tale of love, manners, and societal expectations in 19th-century England.",9),
(null,326010,'9780134183268','Network+ Guide to Networks',864,'English','Cengage Learning',"no summary",5),
(null,326010,'9781118883112','Cisco Networking All-in-One For Dummies',984,'English','For Dummies',"no summary",4),
(null,326010,'9780134874014','Automotive Engines: Theory and Servicing',992,'English','Pearson',"no summary",6),
(null,326010,'9780760352628','Woodworking Basics: Mastering the Essentials of Craftsmanship',192,'English','Cool Springs Press',"no summary",3),
(null,326010,'9781119555809','Practical Electrical Wiring',816,'English','Wiley',"no summary",5),
(null,712605,'9786180136589','Η Φάρμα των Ζώων',112,'Greek','Κέδρος',"Communism bad",4),
(null,712605,'9789601417851','Ο Διεφθαρμένος',304,'Greek','Κέδρος',"no summary",3),
(null,920305,'9780142419403','To Kill a Mockingbird',336,'English','Harper Perennial',"no summary",2),
(null,326010,'9784206942069','Easter egg',42,'English','None at all',"Congrats you found our easter egg!",1),
(null,326010,'9789604532333','Οι Περίεργες Ιστορίες του Μπρούσκο',288,'Greek','Εκδόσεις Πατάκη',"no summary",2),
(null,326010,'9780140274143','Brave New World',288,'English','Penguin',"no summary",2),
(null,326010,'9786180306319','Ο Μισοξένος',216,'Greek','Κέδρος',"no summary",1),
(null,326010,'9780141439563','Wuthering Heights',464,'English','Penguin',"no summary",4),
(null,712605,'9789601408446','Οι Περιπέτειες του Τομ Σώγιερ',352,'Greek','Πατάκη',"no summary",2),
(null,551003,'9786180100526','Το Όνειρο του Ακρωτηρίου',320,'Greek','Πατάκης',"no summary",5),
(null,712605,'9781789096495','Dune',688,'English','Titan Books',"no summary",4),
(null,326010,'9781982142524','Ready Player Two',384,'English','Ballantine Books',"no summary",6),
(null,920305,'9781481497880','The Left Hand of Darkness',336,'English','Ace Books',"no summary",3),
(null,551003,'9786180106993','Απεργία στο Σκαίρον',240,'Greek','Πατάκης',"no summary",7),
(null,712605,'9781984819197','Project Hail Mary',496,'English','Del Rey',"no summary",5),
(null,326010,'9781982148465','Η Τελευταία Επανάσταση',384,'Greek','Εκδόσεις Καστανιώτη',"no summary",4),
(null,712605,'9780451457998','Neuromancer',288,'English','Ace Books',"no summary",6),
(null,551003,'9786180136589','Η Φάρμα των Ζώων',144,'Greek','Πατάκης',"no summary",3),
(null,712605,'9781473232773','A Wrinkle in Time',256,'English','Puffin Books',"no summary",5),
(null,551003,'9789601637104','Οδύσσεια',512,'Greek','Εκδόσεις Κάκτος',"no summary",4),
(null,712605,'9789604589148','Ο Θάνατος του Βούδα',248,'Greek','Εκδόσεις Κέδρος',"no summary",6),
(null,326010,'9789602407366','Η Κορούλα',216,'Greek','Εκδόσεις Πατάκη',"no summary",3),
(null,712605,'9789602872741','Η Ανθρώπινη Φύση',368,'Greek','Εκδόσεις Πατάκη',"no summary",5),
(null,551003,'9789602042350','Ο Χρυσός Κλώνος',232,'Greek','Εκδόσεις Μεταίχμιο',"no summary",7),
(null,712605,'9789602894460','Το Νησί',248,'Greek','Εκδόσεις Πατάκη',"no summary",4),
(null,326010,'9789602408370','Ο Σπαρτιάτης',176,'Greek','Εκδόσεις Πατάκη',"no summary",6),
(null,326010,'9789602360134','Τα Δέκα Λεπτά του Περασμένου Καλοκαιριού',288,'Greek','Εκδόσεις Κέδρος',"no summary",3),
(null,551003,'9789606982419','Ο Σίλλυβος',188,'Greek','Εκδόσεις Μεταίχμιο',"no summary",5),
(null,551003,'9789604170560','Το Κάλεσμα της Άγριας Φύσης',160,'Greek','Εκδόσεις Ψυχογιός',"no summary",7),
(null,712605,'9789601637104','Οδύσσεια',512,'Greek','Εκδόσεις Κάκτος',"no summary",29),
(null,551003,'9789604589148','Ο Θάνατος του Βούδα',248,'Greek','Εκδόσεις Κέδρος',"no summary",1),
(null,551003,'9789602407366','Η Κορούλα',216,'Greek','Εκδόσεις Πατάκη',"no summary",1),
(null,551003,'9789602872741','Η Ανθρώπινη Φύση',368,'Greek','Εκδόσεις Πατάκη',"no summary",2),
(null,712605,'9789602042350','Ο Χρυσός Κλώνος',232,'Greek','Εκδόσεις Μεταίχμιο',"no summary",4),
(null,326010,'9789602894460','Το Νησί',248,'Greek','Εκδόσεις Πατάκη',"no summary",4),
(null,712605,'9789602408370','Ο Σπαρτιάτης',176,'Greek','Εκδόσεις Πατάκη',"no summary",3),
(null,712605,'9789602360134','Τα Δέκα Λεπτά του Περασμένου Καλοκαιριού',288,'Greek','Εκδόσεις Κέδρος',"no summary",1),
(null,712605,'9789606982419','Ο Σίλλυβος',188,'Greek','Εκδόσεις Μεταίχμιο',"no summary",6),
(null,712605,'9789604170560','Το Κάλεσμα της Άγριας Φύσης',160,'Greek','Εκδόσεις Ψυχογιός',"no summary",12),
(null,920305,'9780439064873','The Enchanted History of Hogwarts',730,'English','Hogwarts Press',"Unveiling the secrets of Hogwarts Castle through captivating tales and bewitching illustrations. A must-read for every aspiring wizard!",5),
(null,920305,'9780980288474','The Monster Book of Monsters',432,'English','Beastly Books',"Few people know what is written inside, because it has a tendency to bite off its reader's fingers. Stroke it's spine to calm it down. Essential for Care of Magical Creatures class.",12),
(null,920305,'9781534465324','Charms: A Comprehensive Guide',332,'English','Oldknowe Books',"Master the art of charms and unlock the power of incantations. From Lumos to Wingardium Leviosa, learn the spells that shape the wizarding world.",7),
(null,920305,'9780439655484','Quidditch Through the Ages',150,'English','Quaffle Publications',"Discover the rich history and rules of the wizarding world's favorite sport. A thrilling ride for Quidditch enthusiasts and sports lovers alike.",4),
(null,920305,'9780553803716','Potions and Brews: A Concoction Compendium',704,'English','Oldknowe Books',"From Felix Felicis to Polyjuice Potion, explore the magical realm of potions. Caution: Stir with care!",20),
(null,920305,'9781408883753','The Tales of Beedle the Bard',1001,'English','Bardic Books',"A collection of wizarding fairy tales, filled with lessons and magical adventures. Read and be enchanted!",23),
(null,920305,'9781612185432','A History of Hogwarts: From Founding to Modern Era',300,'English','Obscurus Books',"Uncover the secrets of Hogwarts' storied past, from its humble beginnings to its prominent role in contemporary wizarding society.",4),
(null,920305,'9781781100233','Shielding Spells and Protections',1035,'English','Obscurus Books',"Arm yourself with powerful defensive magic. Shield against curses, hexes, and dark forces. Stay protected!",12),
(null,920305,'9780439064874','The Standard Book of Spells: Grade 1',120,'English','Wand & Willow',"Your gateway to the world of magic. Learn the fundamentals of spellcasting and ignite your magical journey.",22),
(null,920305,'9780439554893','Fantastic Beasts and Where to Find Them',1230,'English','Beastly Books',"Explore the extraordinary realm of magical creatures. An invaluable resource for magizoologists and curious minds.",32),
(null,920305,'9781683831884','Wandlore: The Art of Wandmaking',505,'English','Elderwood Publications',"Unveil the mysteries of wandlore, discover the secrets of wandmaking, and find the perfect match for your magic.",6),
(null,920305,'9780439139601','Hogwarts: A History',250,'English','Hogwarts Press',"Delve into the rich tapestry of Hogwarts' past, from its founders to its esteemed faculty. A treasure trove of magical knowledge.",14);



insert into keywords
values (1, "medieval"),
    (1, "knights"),
    (2, "science fiction"),
    (2, "desert planet"),
    (3, "Greek literature"),
    (3, "psychological"),
    (4, "dystopian"),
    (5, "coming of age"),
    (5, "alienation"),
    (6, "Greek literature"),
    (6, "mystery"),
    (7, "racism"),
    (7, "justice"),
    (8, "fantasy"),
    (8, "epic"),
    (10, "greek epic"),
    (10, "Greek mythology"),
    (11, "romance"),
    (11, "social class"),
    (11, "historical"),
    (12, "Greek mythology"),
    (12, "hero's journey"),
    (13, "allegory"),
    (13, "self-discovery"),
    (14, "Greek literature"),
    (14, "small-town"),
    (15, "memoir"),
    (15, "education"),
    (16, "Greek literature"),
    (16, "Alzheimer's"),
    (17, "dystopian"),
    (17, "societal control"),
    (18, "allegory"),
    (18, "revolution"),
    (19, "Greek literature"),
    (19, "corruption"),
    (20, "racism"),
    (20, "justice"),
    (21, "Greek literature"),
    (21, "Philosophy"),
    (22, "Fantasy"),
    (22, "hero's journey"),
    (22, "Adventure"),
    (23, "Classic literature"),
    (23, "Coming of age"),
    (24, "Gothic literature"),
    (24, "Romance"),
    (25, "Drama"),
    (25, "Existentialism"),
    (26, "Dystopian"),
    (26, "Totalitarianism"),
    (27, "Existentialism"),
    (27, "Absurdism"),
    (28, "Jazz Age"),
    (28, "American Dream"),
    (29, "Alchemy"),
    (29, "Quest"),
    (29, "hero's journey"),
    (30, "Fantasy"),
    (30, "Intrigue"),
    (30, "hero's journey"),
    (31, "Coming of age"),
    (31, "Alienation"),
    (32, "Children's literature"),
    (32, "Philosophy"),
    (33, "Quest"),
    (33, "Personal transformation"),
    (34, "Greek literature"),
    (34, "Satire"),
    (35, "Dystopian"),
    (35, "Social engineering"),
    (36, "Gothic literature"),
    (36, "Romance"),
    (37, "Gothic literature"),
    (37, "Tragic love"),
    (37, "Romance"),
    (38, "Computer science"),
    (38, "Algorithms"),
    (39, "Artificial intelligence"),
    (39, "Machine learning"),
    (40, "Computer architecture"),
    (40, "Digital systems"),
    (41, "Mathematics"),
    (41, "Reference"),
    (42, "Artificial intelligence"),
    (42, "Machine learning"),
    (43, "Data science"),
    (43, "Business analytics"),
    (44, "Machine learning"),
    (44, "Pattern recognition"),
    (45, "Physics"),
    (45, "Quantum theory"),
    (46, "Mathematics"),
    (46, "Linear algebra"),
    (47, "Computer science"),
    (47, "Algorithms"),
    (48, "Art history"),
    (48, "Art appreciation"),
    (49, "Art history"),
    (49, "Modern art"),
    (50, "Art history"),
    (50, "Global art"),
    (51, "Art history"),
    (51, "Art catalog"),
    (52, "World history"),
    (52, "Historical narrative"),
    (53, "Anthropology"),
    (53, "Cultural evolution"),
    (54, "World history"),
    (54, "Historical overview"),
    (55, "Anthropology"),
    (55, "Human evolution"),
    (56, "Anthropology"),
    (56, "Environmental sustainability"),
    (57, "Genetics"),
    (57, "Molecular biology"),
    (58, "Fantasy"),
    (58, "Medieval setting"),
    (59, "Greek literature"),
    (59, "Philosophy"),
    (60, "American literature"),
    (60, "Jazz Age"),
    (61, "Greek literature"),
    (61, "Literary criticism"),
    (62, "Dystopian"),
    (62, "Totalitarianism"),
    (63, "Greek literature"),
    (63, "Epic poetry"),
    (64, "English literature"),
    (64, "Romance"),
    (65, "Computer networking"),
    (65, "Certification"),
    (66, "Computer networking"),
    (66, "Networking fundamentals"),
    (67, "Automotive technology"),
    (67, "Engine maintenance"),
    (68, "Woodworking"),
    (68, "Woodcraft techniques"),
    (69, "Electrical engineering"),
    (69, "Wiring installations"),
    (70, "Political satire"),
    (70, "Social criticism"),
    (71, "Greek literature"),
    (71, "Corruption"),
    (72, "American literature"),
    (72, "Racism"),
    (73, "Gaming"),
    (73, "Hidden content"),
    (74, "Greek literature"),
    (74, "Short stories"),
    (75, "Dystopian"),
    (75, "Social control"),
    (76, "Greek literature"),
    (76, "Xenophobia"),
    (77, "English literature"),
    (77, "Gothic romance"),
    (77, "tragic love"),
    (78, "Adventure"),
    (78, "Mark Twain"),
    (79, "Greek literature"),
    (79, "Island setting"),
    (80, "Science fiction"),
    (80, "Desert planet"),
    (80, "epic"),
    (80, "space opera"),
    (81, "Science fiction"),
    (81, "Virtual reality"),
    (82, "The Left Hand of Darkness"),
    (82, "Gender"),
    (83, "Social unrest"),
    (84, "Science fiction"),
    (84, "Space exploration"),
    (85, "Greek literature"),
    (85, "Revolution"),
    (86, "Science fiction"),
    (86, "Cyberpunk"),
    (86, "edgerunners"),
    (86, "Studio Trigger"),
    (86, "CD Project Red"),
    (87, "Political satire"),
    (87, "Allegory"),
    (88, "Fantasy"),
    (88, "Time travel"),
    (89, "Greek literature"),
    (89, "Epic journey"),
    (90, "Greek literature"),
    (90, "Philosophy"),
    (91, "Greek literature"),
    (91, "Coming-of-age"),
    (92, "Greek literature"),
    (92, "Human nature"),
    (93, "Greek literature"),
    (93, "Historical fiction"),
    (94, "Greek literature"),
    (94, "Isolation"),
    (95, "Spartan society"),
    (96, "Greek literature"),
    (96, "Nostalgia"),
    (97, "Mythology"),
    (98, "Adventure"),
    (98, "Wilderness"),
    (99, "Greek literature"),
    (99, "Heroic journey"),
    (100, "Greek literature"),
    (100, "Philosophy"),
    (101, "Αναζήτηση"),
    (101, "Οικογένεια"),
    (101, "Αυτοανακάλυψη"),
    (101, "Προδοσία"),
    (101, "Αγάπη"),
    (102, "Ψυχολογία"),
    (102, "Συμπεριφορά"),
    (102, "Συναισθήματα"),
    (102, "Εξέλιξη"),
    (102, "Προσωπική ανάπτυξη"),
    (103, "Εξερεύνηση"),
    (103, "Τεχνολογία"),
    (103, "Κλωνοποίηση"),
    (103, "Θρίλερ"),
    (103, "Ηθικά διλήμματα"),
    (104, "Μυστήριο"),
    (104, "Εγκατάλειψη"),
    (104, "Επιβίωση"),
    (104, "Απομόνωση"),
    (104, "Ανθρώπινη φύση"),
    (106, "Νοσταλγία"),
    (106, "Παιδικές αναμνήσεις"),
    (106, "Φιλία"),
    (106, "Αυτοσυγχώρεση"),
    (106, "Αλλαγή");



insert into book_author
values (null, 1, "Gartin Rartin Rartin", "Martin"),
    (null, 2, "Frank", "Herbert"),
    (null, 3, "Fyodor", "Dostoevsky"),
    (null, 4, "George", "Orwell"),
    (null, 5, "J. D.", "Salinger"),
    (null, 6, "Patrick", "Rothfuss"),
    (null, 7, "Harper", "Lee"),
    (null, 8, "J. R. R.", "Tolkien"),
    (null, 9, "George", "Orwell"),
    (null, 10, "Homer", "Simpson"),
    (null, 11, "Jane", "Austen"),
    (null, 12, "Rick", "Riordan"),
    (null, 13, "Paulo", "Coelho"),
    (null, 14, "Albert", "Camus"),
    (null, 15, "Tara", "Westover"),
    (null, 16, "Nora", "Ephron"),
    (null, 17, "Aldous", "Huxley"),
    (null, 18, "George", "Orwell"),
    (null, 19, "Fyodor", "Dostoevsky"),
    (null, 20, "Harper", "Lee"),
    (null, 21, "Niccolò", "Machiavelli"),
    (null, 22, "J. R. R.", "Tolkien"),
    (null, 23, "Mark", "Twain"),
    (null, 24, "Charlotte", "Brontë"),
    (null, 25, "Plato", null),
    (null, 26, "George", "Orwell"),
    (null, 27, "Albert", "Camus"),
    (null, 28, "F. Scott", "Fitzgerald"),
    (null, 29, "Paulo", "Coelho"),
    (null, 30, "Paulo", "Coelho"),
    (null, 31, "Gartin Rartin Rartin", "Martin"),
    (null, 32, "J. D.", "Salinger"),
    (null, 33, "Antoine de", "Saint-Exupéry"),
    (null, 34, "Paulo", "Coelho"),
    (null, 35, "Vasilis", "Alexakis"),
    (null, 36, "Aldous", "Huxley"),
    (null, 37, "Emily", "Brontë"),
    (null, 38, "Phaidon", "Press"),
    (null, 38, "Charles E.", "Leiserson"),
    (null, 38, "Ronald L.", "Rivest"),
    (null, 38, "Clifford", "Stein"),
    (null, 39, "Stuart", "Russell"),
    (null, 39, "Peter", "Norvig"),
    (null, 40, "David A.", "Patterson"),
    (null, 40, "John L.", "Hennessy"),
    (null, 41, "Timothy", "Gowers"),
    (null, 42, "Gartin Rartin Rartin", "Martin"),
    (null, 42, "Gartin Rartin Rartin", "Martin"),
    (null, 42, "Aaron", "Courville"),
    (null, 43, "Foster", "Provost"),
    (null, 43, "Gartin Rartin Rartin", "Martin"),
    (null, 44, "Richard O.", "Duda"),
    (null, 44, "Peter E.", "Hart"),
    (null, 44, "David G.", "Stork"),
    (null, 45, "Richard P.", "Feynman"),
    (null, 46, "Gartin Rartin Rartin", "Martin"),
    (null, 47, "Dionisis", "Charitopoulos"),
    (null, 48, "E. H.", "Gombrich"),
    (null, 49, "Robert", "Hughes"),
    (null, 50, "Ernst H.", "Gombrich"),
    (null, 51, "Phaidon", "Press"),
    (null, 52, "J. M.", "Roberts"),
    (null, 53, "Jared", "Diamond"),
    (null, 54, "John", "M. Roberts"),
    (null, 55, "Yuval Noah", "Harari"),
    (null, 56, "Yuval Noah", "Harari"),
    (null, 57, "Jared", "Diamond"),
    (null, 58, "Siddhartha", "Mukherjee"),
    (null, 59, "Gartin Rartin Rartin", "Martin"),
    (null, 60, "Antoine de", "Saint-Exupéry"),
    (null, 61, "F. Scott", "Fitzgerald"),
    (null, 62, "Dionisis", "Charitopoulos"),
    (null, 63, "George", "Orwell"),
    (null, 64, "Homer", null),
    (null, 65, "Jane", "Austen"),
    (null, 66, "Tamara", "Dean"),
    (null, 67, "Gartin Rartin Rartin", "Martin"),
    (null, 67, "Glen", "Clarke"),
    (null, 68, "Doug", "Lowe"),
    (null, 69, "James D.", "Halderman"),
    (null, 70, "Robert W.", "Langford"),
    (null, 71, "Mike", "Holt"),
    (null, 72, "George", "Orwell"),
    (null, 73, "Mihail", "Bulgakov"),
    (null, 74, "Eugene", null),
    (null, 75, "Harper", "Lee"),
    (null, 76, "Vasilis", "Alexakis"),
    (null, 77, "Aldous", "Huxley"),
    (null, 78, "Emily", "Brontë"),
    (null, 79, "Mark", "Twain"),
    (null, 80, "Gartin Rartin Rartin", "Martin"),
    (null, 81, "Frank", "Herbert"),
    (null, 82, "Bathilda", "Bagshot"),
    (null, 83, "Ursula K.", "Le Guin"),
    (null, 84, "Dionisis", "Charitopoulos"),
    (null, 85, "Andy", "Weir"),
    (null, 86, "Yanis", "Varoufakis"),
    (null, 87, "Bathilda", "Bagshot"),
    (null, 88, "George", "Orwell"),
    (null, 89, "Gartin Rartin Rartin", "Martin"),
    (null, 90, "Homer", null),
    (null, 91, "Herman", "Hesse"),
    (null, 92, "Dimitris", "Papadimitriou"),
    (null, 93, "Irene", "Nemirovsky"),
    (null, 94, "Aldous", "Huxley"),
    (null, 95, "Victor", "Frankl"),
    (null, 96, "Homer", null),
    (null, 97, "Xenia", "Kalogeropoulou"),
    (null, 98, "Sylvia", "Plath"),
    (null, 99, "Jack", "London"),
    (null, 100, "Homer", null),
    (null, 101, "Herman", "Hesse"),
    (null, 102, "Dimitris", "Papadimitriou"),
    (null, 103, "Irene", "Nemirovsky"),
    (null, 104, "Aldous", "Huxley"),
    (null, 105, "Victor", "Frankl"),
    (null, 106, "Homer", null),
    (null, 107, "Xenia", "Kalogeropoulou"),
    (null, 108, "Sylvia", "Plath"),
    (null, 109, "Miranda", "Fairchild"),
    (null, 110, "Newt", "Scamander"),
    (null, 111, "Professor Filius", "Flitwick"),
    (null, 112, "Kennilworthy", "Whisp"),
    (null, 113, "Gartin Rartin Rartin", "Martin"),
    (null, 114, "Beedle", "the Bard"),
    (null, 115, "Bathilda", "Bagshot"),
    (null, 116, "Phyllida", "Spore"),
    (null, 117, "Miranda", "Goshawk"),
    (null, 118, "Newt", "Scamander"),
    (null, 119, "Gerbold", "Ollivander"),
    (null, 120, "Bathilda", "Bagshot");



insert into book_genre
values (1, "Fiction"),
(1, "Fantasy"),
(1, "Adventure"),
(2, "Science Fiction"),
(3, "Mystery"),
(4, "Dystopian"),
(4, "Political"),
(5, "Coming-of-Age"),
(6, "Fantasy"),
(7, "Coming-of-Age"),
(7, "Dystopian"),
(8, "Science Fiction"),
(9, "Dystopian"),
(10, "Romance"),
(11, "Mythology"),
(12, "Adventure"),
(13, "Fantasy"),
(14, "Novel"),
(15, "Memoir"),
(16, "Memoir"),
(17, "Dystopian"),
(18, "Satire"),
(18, "Political"),
(19, "Political"),
(20, "Classic"),
(21, "Fantasy"),
(21, "Classic"),
(22, "Romance"),
(22, "Adventure"),
(23, "Romance"),
(23, "Coming-of-Age"),
(24, "Mystery"),
(25, "Classic"),
(26, "Dystopian"),
(27, "Classic"),
(28, "Science Fiction"),
(29, "Fantasy"),
(30, "Science Fiction"),
(31, "Coming-of-Age"),
(32, "Fantasy"),
(33, "Short Stories"),
(33, "Romance"),
(33, "Satire"),
(33, "Coming-of-Age"),
(34, "Dystopian"),
(35, "Mystery"),
(36, "Romance"),
(37, "Fantasy"),
(38, "Computer Science"),
(39, "Computer Science"),
(40, "Computer Science"),
(41, "Mathematics"),
(42, "Artificial Intelligence"),
(43, "Data Science"),
(44, "Instructionals"),
(45, "Physics"),
(46, "Mathematics"),
(47, "Computer Science"),
(48, "Art History"),
(49, "Art History"),
(50, "Art History"),
(51, "Art History"),
(52, "History"),
(53, "History"),
(53, "Epic"),
(54, "History"),
(54, "Romance"),
(55, "History"),
(56, "Anthropology"),
(57, "Science"),
(58, "Memoir"),
(59, "Classic"),
(60, "Science Fiction"),
(61, "Classic"),
(62, "Dystopian"),
(63, "Epic"),
(64, "Romance"),
(65, "Computer Science"),
(65, "Instructionals"),
(66, "Computer Science"),
(67, "Instructionals"),
(68, "Instructionals"),
(69, "Instructionals"),
(70, "Satire"),
(70, "Political"),
(71, "Political"),
(72, "Coming-of-Age"),
(72, "Romance"),
(73, "Satire"),
(74, "Short Stories"),
(74, "Classic"),
(74, "Romance"),
(75, "Dystopian"),
(76, "Classic"),
(77, "Romance"),
(78, "Adventure"),
(78, "Science Fiction"),
(79, "Classic"),
(80, "Science Fiction"),
(80, "Adventure"),
(80, "Romance"),
(81, "Science Fiction"),
(82, "Science Fiction"),
(83, "Science Fiction"),
(84, "Dystopian"),
(84, "Science Fiction"),
(85, "Revolution"),
(86, "Science Fiction"),
(87, "Satire"),
(88, "Science Fiction"),
(89, "Epic"),
(90, "Philosophy"),
(91, "Dystopian"),
(92, "Psychology"),
(93, "Science Fiction"),
(94, "Adventure"),
(95, "History"),
(96, "Fiction"),
(97, "Romance"),
(98, "Adventure"),
(98, "History"),
(99, "Epic"),
(100, "Philosophy"),
(101, "Dystopian"),
(102, "Psychology"),
(103, "Science Fiction"),
(104, "Adventure"),
(104, "Fantasy"),
(105, "Fiction"),
(106, "Romance"),
(107, "Adventure"),
(108, "Adventure"),
(109, "Fantasy"),
(109, "Romance"),
(110, "Magizoology"),
(111, "Spellbooks"),
(112, "Quidditch"),
(113, "Herbology"),
(114, "Fairy Tales"),
(115, "Wizarding History"),
(116, "Potions"),
(117, "Charms"),
(118, "Magizoology"),
(119, "Wandlore"),
(120, "Wizarding History");



insert into users
values ("hermione.granger@gmail.com",920305,6945678901,"Hermione","Granger","smarterthanyou",1,"2009-05-17"),
("ron.weasley@gmail.com",920305,6987654321,"Ron","Weasley","quidditch456",1,"2005-09-20"),
("luna.lovegood@gmail.com",920305,6912345678,"Luna","Lovegood","nargles789",1,"2007-02-15"),
("draco.malfoy@gmail.com",920305,6976543210,"Draco","Malfoy","slytherin123",1,"2006-10-05"),
("harry.potter@gmail.com",920305,6901234567,"Harry","Potter","expelliarmus987",1,"2008-07-31"),
("neville.longbottom@hotmail.com",920305,6945678902,"Neville","Longbottom","herbology123",1,"2007-03-30"),
("ginny.weasley@yahoo.com",920305,6987654322,"Ginny","Weasley","bombarda",1,"2006-08-11"),
("fred.weasley@gmail.com",920305,6912345679,"Fred","Weasley","prankster789",1,"2005-12-01"),
("george.weasley@gmail.com",920305,6976543211,"George","Weasley","jokeshop123",1,"2004-09-02"),
("cho.chang@gmail.com",920305,6901234568,"Cho","Chang","ravenclaw987",1,"2009-03-14"),
("padma.patil@gmail.com",920305,6945678903,"Padma","Patil","intellect123",1,"2006-06-04"),
("parvati.patil@gmail.com",920305,6987654323,"Parvati","Patil","divination456",1,"2005-08-24"),
("johndoe320@gmail.com",326010,6912345678,"John","Doe","johndoe123",1,"2009-02-15"),
("laurasmith712@hotmail.com",712605,6934567890,"Laura","Smith","laurasmith456",1,"2008-05-28"),
("alexwilliams@yahoo.com",551003,6987654321,"Alex","Williams","alex123",1,"2007-09-19"),
("emilyjackson320@gmail.com",326010,6978901234,"Emily","Jackson","emilyjackson789",1,"2006-12-04"),
("samwilson712@gmail.com",712605,6923456789,"Sam","Wilson","samwilson456",1,"2008-08-07"),
("sarahbrown@yahoo.com",551003,6945678901,"Sarah","Brown","sarahbrown123",1,"2009-05-18"),
("william.davis@yahoo.com",551003,6978901234,"William","Davis","qwerty123",1,"2006-12-05"),
("olivia.miller@hotmail.com",712605,6989012345,"Olivia","Miller","welcome123",1,"2007-05-30"),
("ethan.wilson@gmail.com",551003,6990123456,"Ethan","Wilson","football456",1,"2008-06-13"),
("ava.anderson@yahoo.com",712605,6901234567,"Ava","Anderson","summer2022",1,"2005-01-07"),
("benjamin.lewis@gmail.com",326010,6912345678,"Benjamin","Lewis","baseball123",1,"2006-02-18"),
("sophia.clark@yahoo.com",551003,6923456789,"Sophia","Clark","sunflower123",1,"2007-04-29"),
("daniel.hill@hotmail.com",712605,6934567890,"Daniel","Hill","hello123",1,"2008-05-20"),
("mia.green@gmail.com",551003,6945678901,"Mia","Green","butterfly123",1,"2009-06-01"),
("xxjacobmartinxx@yahoo.com",712605,6956789012,"Jacob","Martin","spring2022",1,"2007-07-02"),
("emily.roberts@gmail.com",326010,6967890123,"Emily","Roberts","welcome456",1,"2006-09-03"),
("noah.wright@yahoo.com",551003,6978901234,"Noah","Wright","basketball123",1,"2005-11-04"),
("ava.mitchell@hotmail.com",712605,6989012345,"Ava","Mitchell","sunshine456",1,"2004-12-15"),
("liam.stewart@gmail.com",551003,6990123456,"Liam","Stewart","guitar123",1,"2007-01-26"),
("olivia.hall@yahoo.com",712605,6901234567,"Olivia","Hall","summer123",1,"2005-03-07"),
("dimitra.papadopoulou@example.com",326010,6912345678,"Δήμητρα","Παπαδοπούλου","pass123",1,"2006-04-18"),
("gkonstantinidis@example.com",551003,6976543210,"Γεώργιος","Κωνσταντινίδης","password123",1,"2005-06-29"),
("maria.tsoukalou@example.com",712605,6945678901,"Μαρία","Τσουκαλού","student456",1,"2009-05-20"),
("nikos.petridis@example.com",326010,6987654321,"Νικόλαος","Πετρίδης","learning123",1,"2008-07-11"),
("eleni.kyriakou@example.com",551003,6901234567,"Ελένη","Κυριάκου","edu2023",1,"2005-01-17"),
("panagiotis.papadopoulos@example.com",712605,6923456789,"Παναγιώτης","Παπαδόπουλος","schoolpass",1,"2007-04-28"),
("sofia.tsipra@example.com",326010,6978912345,"Σοφία","Τσίπρα","student789",1,"2006-07-09"),
("christos.georgiou@example.com",551003,6912345678,"Χρήστος","Γεωργίου","pass456",1,"2008-10-20"),
("sybtr@divination.hogwarts.co.uk",920305,6453648978,"Sybil","Trelawny","thegrim",2,"1987-03-15"),
("hagrid@hogwarts.co.uk",920305,6934567890,"Rubeus","Hagrid","norbert",2,"1962-09-20"),
("daniel.adams@hotmail.com",712605,6976543212,"Daniel","Adams","football456",2,"1983-08-10"),
("isabella.campbell@gmail.com",326010,6901234569,"Isabella","Campbell","sunflower123",2,"1995-05-25"),
("jackson.roberts@yahoo.com",551003,6987654323,"Jackson","Roberts","welcome456",2,"1978-11-30"),
("emma.king@hotmail.com",712605,6923456791,"Emma","King","abc123xyz",2,"1989-07-05"),
("matthew.carter@gmail.com",326010,6945678904,"Matthew","Carter","1234pass",2,"1974-12-18"),
("sophie.hughes@yahoo.com",551003,6912345681,"Sophie","Hughes","qazwsx123",2,"1992-02-22"),
("marina.pavlou@example.com",712605,6901234567,"Μαρίνα","Παύλου","edu456",2,"1984-04-12"),
("severus.snape@hogwarts.co.uk",920305,6923456789,"Severus","Snape","alwayslilly",2,"1967-11-17"),
("johnkatsaros@example.com",326010,6945678901,"Ιωάννης","Κατσαρός","chania2023",3,"1959-03-07"),
("nicksot@lyk.peir.anavr.att.sch.gr",551003,6987654324,"Νίκος","Σωτηρόπουλος","nicky12321",3,"1977-12-27"),
("david.thompson@institutexyz.org",712605,6923456792,"David","Thompson","edu1234",3,"1990-02-11"),
("minerva.mcgonagall@hogwarts.co.uk",920305,6912345678,"Minerva","McGonagall","meow",3,"1960-04-18"),
("albus@hogwarts.co.uk",920305,0000000000,"Albus","Dumbledore","LemonSherbet",4, "1881-06-10");



insert into Bor_Res values (90,"maria.tsoukalou@example.com","2022-03-15 09:27:41","2022-03-15 14:01:24","Borrowing");
insert into Bor_Res values (111,"sybtr@divination.hogwarts.co.uk","2022-06-01 00:00:00","2022-06-12 00:00:00","Borrowing");
insert into Bor_Res values (1,"christos.georgiou@example.com","2022-06-02 08:09:55","2022-06-05 19:18:47","Borrowing");
insert into Bor_Res values (80,"panagiotis.papadopoulos@example.com","2022-06-02 09:35:17","2022-06-08 12:11:29","Borrowing");
insert into Bor_Res values (22,"cho.chang@gmail.com","2022-06-02 10:13:59",default,"Borrowing");
insert into Bor_Res values (6,"emily.roberts@gmail.com","2022-06-02 13:26:16",default,"Borrowing");
insert into Bor_Res values (118,"draco.malfoy@gmail.com","2022-06-02 14:39:05","2022-06-10 08:57:29","Borrowing");
insert into Bor_Res values (17,"padma.patil@gmail.com","2022-06-02 14:42:19",default,"Borrowing");
insert into Bor_Res values (82,"ron.weasley@gmail.com","2022-06-02 15:09:52","2022-06-18 15:09:52","Borrowing");
insert into Bor_Res values (7,"liam.stewart@gmail.com","2022-06-10 02:47:21","2022-06-13 17:14:49","Borrowing");
insert into Bor_Res values (22,"draco.malfoy@gmail.com","2022-06-25 06:43:24","2022-07-02 11:27:14","Borrowing");
insert into Bor_Res values (26,"ron.weasley@gmail.com","2022-06-30 08:14:23","2022-07-02 15:19:57","Borrowing");
insert into Bor_Res values (111,"sybtr@divination.hogwarts.co.uk","2022-07-01 00:00:00","2022-07-12 00:00:00","Borrowing");
insert into Bor_Res values (14,"isabella.campbell@gmail.com","2022-07-02 21:06:58","2022-07-04 12:12:43","Borrowing");
insert into Bor_Res values (20,"laurasmith712@hotmail.com","2022-07-10 05:34:43","2022-07-17 13:47:19","Borrowing");
insert into Bor_Res values (21,"nikos.petridis@example.com","2022-07-10 09:58:21","2022-07-18 12:33:48","Borrowing");
insert into Bor_Res values (22,"hermione.granger@gmail.com","2022-07-10 10:59:06","2022-07-26 10:59:06","Borrowing");
insert into Bor_Res values (33,"maria.tsoukalou@example.com","2022-07-10 13:21:05",default,"Borrowing");
insert into Bor_Res values (80,"daniel.hill@hotmail.com","2022-07-10 14:23:51","2022-07-17 08:04:12","Borrowing");
insert into Bor_Res values (61,"sophia.clark@yahoo.com","2022-07-10 20:15:34","2022-07-17 09:28:51","Borrowing");
insert into Bor_Res values (33,"daniel.adams@hotmail.com","2022-07-17 08:08:39","2022-07-21 16:31:05","Borrowing");
insert into Bor_Res values (35,"ava.mitchell@hotmail.com","2022-07-17 15:05:43","2022-07-24 18:47:52","Borrowing");
insert into Bor_Res values (114,"ron.weasley@gmail.com","2022-07-22 11:28:18","2022-07-29 10:51:12","Borrowing");
insert into Bor_Res values (41,"ron.weasley@gmail.com","2022-07-24 11:28:18","2022-07-29 14:51:12","Borrowing");
insert into Bor_Res values (56,"christos.georgiou@example.com","2022-07-31 12:56:09","2022-08-07 08:23:15","Borrowing");
insert into Bor_Res values (111,"sybtr@divination.hogwarts.co.uk","2022-08-01 00:00:00","2022-08-12 00:00:00","Borrowing");
insert into Bor_Res values (49,"olivia.miller@hotmail.com","2022-07-31 20:26:01","2022-08-07 15:02:59","Borrowing");
insert into Bor_Res values (57,"olivia.miller@hotmail.com","2022-08-09 12:36:24","2022-08-11 17:03:29","Borrowing");
insert into Bor_Res values (36,"william.davis@yahoo.com","2022-08-16 09:39:49",default,"Borrowing");
insert into Bor_Res values (16,"ava.anderson@yahoo.com","2022-08-16 15:44:03","2022-08-24 08:19:55","Borrowing");
insert into Bor_Res values (67,"nikos.petridis@example.com","2022-08-16 16:23:48","2022-08-19 19:01:32","Borrowing");
insert into Bor_Res values (94,"olivia.miller@hotmail.com","2022-08-16 18:10:25","2022-08-22 11:52:45","Borrowing");
insert into Bor_Res values (73,"nikos.petridis@example.com","2022-08-16 18:25:44","2022-09-03 18:25:44","Borrowing");
insert into Bor_Res values (93,"eleni.kyriakou@example.com","2022-08-23 17:52:35","2022-08-28 21:16:27","Borrowing");
insert into Bor_Res values (111,"sybtr@divination.hogwarts.co.uk","2022-09-01 00:00:00","2022-09-12 00:00:00","Borrowing");
insert into Bor_Res values (94,"emma.king@hotmail.com","2022-09-05 01:38:14","2022-09-07 05:20:34","Borrowing");
insert into Bor_Res values (69,"nikos.petridis@example.com","2022-09-17 16:17:27","2022-09-22 06:36:41","Borrowing");
insert into Bor_Res values (4,"samwilson712@gmail.com","2022-09-18 22:06:37","2022-09-20 14:50:18","Borrowing");
insert into Bor_Res values (75,"nikos.petridis@example.com","2022-09-21 19:37:57","2022-09-25 06:53:42","Borrowing");
insert into Bor_Res values (73,"emilyjackson320@gmail.com","2022-09-23 08:12:51","2022-09-25 20:17:56","Borrowing");
insert into Bor_Res values (38,"alexwilliams@yahoo.com","2022-09-24 08:07:01",default,"Borrowing");
insert into Bor_Res values (90,"ava.anderson@yahoo.com","2022-09-24 11:47:07","2022-10-01 07:21:37","Borrowing");
insert into Bor_Res values (5,"sophie.hughes@yahoo.com","2022-09-24 12:07:14","2022-10-02 15:48:33","Borrowing");
insert into Bor_Res values (76,"benjamin.lewis@gmail.com","2022-09-24 14:59:17",default,"Borrowing");
insert into Bor_Res values (75,"johndoe320@gmail.com","2022-09-24 16:09:57","2022-10-09 16:09:57","Borrowing");
insert into Bor_Res values (111,"sybtr@divination.hogwarts.co.uk","2022-10-01 00:00:00","2022-10-12 00:00:00","Borrowing");
insert into Bor_Res values (119,"hagrid@hogwarts.co.uk","2022-10-13 19:17:29","2022-10-16 13:47:24","Borrowing");
insert into Bor_Res values (12,"gkonstantinidis@example.com","2022-10-26 02:24:31","2022-10-28 16:37:25","Borrowing");
insert into Bor_Res values (92,"ava.mitchell@hotmail.com","2022-10-30 08:44:21","2022-11-06 13:52:49","Borrowing");
insert into Bor_Res values (58,"emma.king@hotmail.com","2022-10-30 17:37:12",default,"Borrowing");
insert into Bor_Res values (98,"christos.georgiou@example.com","2022-10-30 21:35:33","2022-11-06 19:04:41","Borrowing");
insert into Bor_Res values (111,"sybtr@divination.hogwarts.co.uk","2022-11-01 00:00:00","2022-11-12 00:00:00","Borrowing");
insert into Bor_Res values (55,"parvati.patil@gmail.com","2022-11-01 23:50:32","2022-11-04 04:17:45","Borrowing");
insert into Bor_Res values (66,"dimitra.papadopoulou@example.com","2022-11-06 10:52:39",default,"Borrowing");
insert into Bor_Res values (65,"johndoe320@gmail.com","2022-11-06 13:22:58","2022-11-23 13:22:58","Borrowing");
insert into Bor_Res values (77,"dimitra.papadopoulou@example.com","2022-11-14 17:19:02","2022-11-17 12:45:37","Borrowing");
insert into Bor_Res values (15,"noah.wright@yahoo.com","2022-11-24 03:35:58","2022-11-25 16:40:02","Borrowing");
insert into Bor_Res values (44,"matthew.carter@gmail.com","2022-12-07 12:20:05","2022-12-10 10:09:44","Borrowing");
insert into Bor_Res values (83,"liam.stewart@gmail.com","2022-12-12 10:55:18","2022-12-14 09:39:12","Borrowing");
insert into Bor_Res values (120,"neville.longbottom@hotmail.com","2022-12-14 21:51:25",default,"Borrowing");
insert into Bor_Res values (115,"hermione.granger@gmail.com","2022-12-31 23:41:39","2023-01-03 18:23:10","Borrowing");
insert into Bor_Res values (46,"sophia.clark@yahoo.com","2023-01-02 08:56:49","2023-01-05 12:16:57","Borrowing");
insert into Bor_Res values (72,"luna.lovegood@gmail.com","2023-01-05 14:43:52","2023-01-08 07:08:03","Borrowing");
insert into Bor_Res values (66,"sofia.tsipra@example.com","2023-01-08 15:27:09","2023-01-11 09:41:45","Borrowing");
insert into Bor_Res values (102,"christos.georgiou@example.com","2023-01-12 13:55:34","2023-01-18 19:02:16","Borrowing");
insert into Bor_Res values (7,"mia.green@gmail.com","2023-01-15 17:44:08","2023-01-22 09:03:50","Borrowing");
insert into Bor_Res values (109,"severus.snape@hogwarts.co.uk","2023-01-19 08:21:52",default,"Borrowing");
insert into Bor_Res values (105,"ava.mitchell@hotmail.com","2023-01-19 17:35:07",default,"Borrowing");
insert into Bor_Res values (119,"parvati.patil@gmail.com","2023-01-22 18:59:16","2023-01-25 21:01:02","Borrowing");
insert into Bor_Res values (16,"marina.pavlou@example.com","2023-01-29 09:07:58","2023-02-03 13:21:26","Borrowing");
insert into Bor_Res values (111,"sybtr@divination.hogwarts.co.uk","2023-02-01 00:00:00","2023-02-12 00:00:00","Borrowing");
insert into Bor_Res values (120,"ron.weasley@gmail.com","2023-02-02 21:56:07","2023-02-05 18:23:24","Borrowing");
insert into Bor_Res values (36,"sophie.hughes@yahoo.com","2023-02-03 12:34:14","2023-02-09 09:23:20","Borrowing");
insert into Bor_Res values (99,"olivia.miller@hotmail.com","2023-02-08 09:37:27","2023-02-11 16:49:09","Borrowing");
insert into Bor_Res values (61,"jackson.roberts@yahoo.com","2023-02-12 17:09:25","2023-02-15 12:20:38","Borrowing");
insert into Bor_Res values (32,"jackson.roberts@yahoo.com","2023-02-17 01:46:53","2023-02-19 06:32:19","Borrowing");
insert into Bor_Res values (9,"liam.stewart@gmail.com","2023-02-18 06:29:17","2023-02-20 12:44:45","Borrowing");
insert into Bor_Res values (92,"marina.pavlou@example.com","2023-02-19 18:57:31","2023-02-25 16:38:09","Borrowing");
insert into Bor_Res values (39,"olivia.miller@hotmail.com","2023-02-22 19:10:23","2023-02-28 14:08:39","Borrowing");
insert into Bor_Res values (37,"marina.pavlou@example.com","2023-02-23 14:17:49","2023-03-09 14:17:49","Borrowing");
insert into Bor_Res values (15,"sophia.clark@yahoo.com","2023-02-23 17:18:17","2023-03-01 20:05:32","Borrowing");
insert into Bor_Res values (113,"hermione.granger@gmail.com","2023-02-23 19:56:18",default,"Borrowing");
insert into Bor_Res values (51,"ron.weasley@gmail.com","2023-02-27 14:47:32","2023-03-02 09:10:23","Borrowing");
insert into Bor_Res values (111,"sybtr@divination.hogwarts.co.uk","2023-03-01 00:00:00","2023-03-12 00:00:00","Borrowing");
insert into Bor_Res values (86,"olivia.miller@hotmail.com","2023-03-01 10:22:42","2023-03-04 13:07:05","Borrowing");
insert into Bor_Res values (57,"samwilson712@gmail.com","2023-03-05 13:12:49","2023-03-10 09:18:52","Borrowing");
insert into Bor_Res values (104,"matthew.carter@gmail.com","2023-03-07 16:39:59","2023-03-14 10:02:27","Borrowing");
insert into Bor_Res values (110,"george.weasley@gmail.com","2023-03-08 03:31:47","2023-03-10 13:25:59","Borrowing");
insert into Bor_Res values (33,"ava.anderson@yahoo.com","2023-03-11 11:59:26","2023-03-25 12:09:35","Borrowing");
insert into Bor_Res values (81,"nikos.petridis@example.com","2023-03-15 09:58:36","2023-03-18 02:42:15","Borrowing");
insert into Bor_Res values (31,"xxjacobmartinxx@yahoo.com","2023-03-22 13:52:08","2023-03-27 15:36:02","Borrowing");
insert into Bor_Res values (11,"ava.anderson@yahoo.com","2023-03-28 15:23:04","2023-03-31 08:15:57","Borrowing");
insert into Bor_Res values (47,"xxjacobmartinxx@yahoo.com","2023-03-31 10:37:44","2023-04-05 13:45:59","Borrowing");
insert into Bor_Res values (61,"gkonstantinidis@example.com","2023-03-31 12:28:25","2023-04-18 12:28:25","Borrowing");
insert into Bor_Res values (111,"sybtr@divination.hogwarts.co.uk","2023-04-01 00:00:00","2023-04-12 00:00:00","Borrowing");
insert into Bor_Res values (33,"laurasmith712@hotmail.com","2023-04-08 11:58:46","2023-04-11 08:09:56","Borrowing");
insert into Bor_Res values (90,"laurasmith712@hotmail.com","2023-04-17 22:23:41","2023-04-23 12:31:15","Borrowing");
insert into Bor_Res values (111,"ginny.weasley@yahoo.com","2023-04-18 01:47:36","2023-04-21 05:09:43","Borrowing");
insert into Bor_Res values (78,"xxjacobmartinxx@yahoo.com","2023-04-19 11:33:07","2023-04-22 03:51:49","Borrowing");
insert into Bor_Res values (60,"liam.stewart@gmail.com","2023-04-24 12:18:11","2023-04-27 07:43:36","Borrowing");
insert into Bor_Res values (112,"draco.malfoy@gmail.com","2023-04-27 12:41:22","2023-04-30 04:57:11","Borrowing");
insert into Bor_Res values (111,"sybtr@divination.hogwarts.co.uk","2023-05-01 00:00:00","2023-05-12 00:00:00","Borrowing");
insert into Bor_Res values (62,"parvati.patil@gmail.com","2023-05-02 06:51:14","2023-05-04 12:21:32","Borrowing");
insert into Bor_Res values (11,"marina.pavlou@example.com","2023-05-05 07:56:39","2023-05-11 15:18:52","Borrowing");
insert into Bor_Res values (2,"noah.wright@yahoo.com","2023-05-05 08:02:48","2023-05-07 11:29:01","Borrowing");
insert into Bor_Res values (62,"luna.lovegood@gmail.com","2023-05-05 11:19:37","2023-05-20 11:19:37","Borrowing");
insert into Bor_Res values (30,"isabella.campbell@gmail.com","2023-05-05 18:58:29",default,"Borrowing");
insert into Bor_Res values (26,"harry.potter@gmail.com","2023-05-10 08:13:51","2023-05-12 20:51:39","Borrowing");
insert into Bor_Res values (107,"panagiotis.papadopoulos@example.com","2023-05-10 13:02:28",default,"Borrowing");
insert into Bor_Res values (78,"samwilson712@gmail.com","2023-05-11 11:51:16",default,"Reservation");
insert into Bor_Res values (120,"hagrid@hogwarts.co.uk","2023-05-12 11:51:16","2023-05-18 15:02:54","Borrowing");
insert into Bor_Res values (7,"jackson.roberts@yahoo.com","2023-05-13 09:28:51",default,"Reservation");
insert into Bor_Res values (93,"sophia.clark@yahoo.com","2023-05-14 08:17:38",default,"Reservation");
insert into Bor_Res values (1,"christos.georgiou@example.com","2023-05-18 15:12:27",default,"Reservation");
insert into Bor_Res values (27,"christos.georgiou@example.com","2023-05-19 09:52:23","2023-05-22 09:11:11","Borrowing");
insert into Bor_Res values (22,"draco.malfoy@gmail.com","2023-05-19 22:13:42",default,"Reservation");
insert into Bor_Res values (29,"noah.wright@yahoo.com","2023-05-20 01:10:24",default,"Reservation");
insert into Bor_Res values (93,"eleni.kyriakou@example.com","2023-05-21 17:35:52",default,"Reservation");
insert into Bor_Res values (4,"olivia.hall@yahoo.com","2023-05-21 22:48:00",default,"Reservation");
insert into Bor_Res values (67,"nikos.petridis@example.com","2023-05-22 11:55:48",default,"Reservation");
insert into Bor_Res values (92,"olivia.hall@yahoo.com","2023-05-22 21:36:47",default,"Reservation");
insert into Bor_Res values (35,"marina.pavlou@example.com","2023-05-23 07:31:20",default,"Reservation");
insert into Bor_Res values (41,"ron.weasley@gmail.com","2023-05-23 16:25:39",default,"Reservation");
insert into Bor_Res values (113,"fred.weasley@gmail.com","2023-05-24 14:21:43","2023-05-27 16:39:59","Borrowing");
insert into Bor_Res values (20,"laurasmith712@hotmail.com","2023-05-24 18:45:04",default,"Reservation");
insert into Bor_Res values (58,"samwilson712@gmail.com","2023-05-24 19:14:23",default,"Reservation");
insert into Bor_Res values (69,"nikos.petridis@example.com","2023-05-25 06:20:07",default,"Reservation");
insert into Bor_Res values (56,"christos.georgiou@example.com","2023-05-25 12:58:21",default,"Reservation");
insert into Bor_Res values (56,"ethan.wilson@gmail.com","2023-05-25 18:03:11",default,"Reservation");
insert into Bor_Res values (120,"hagrid@hogwarts.co.uk","2023-05-26 05:12:55",default,"Reservation");
insert into Bor_Res values (99,"olivia.miller@hotmail.com","2023-05-26 14:05:43",default,"Reservation");
insert into Bor_Res values (109,"ginny.weasley@yahoo.com","2023-05-26 16:53:58",default,"Reservation");
insert into Bor_Res values (6,"emilyjackson320@gmail.com","2023-05-27 15:42:46",default,"Reservation");
insert into Bor_Res values (104,"matthew.carter@gmail.com","2023-05-27 19:53:17",default,"Reservation");
insert into Bor_Res values (16,"laurasmith712@hotmail.com","2023-05-29 13:21:21",default,"Reservation");
insert into Bor_Res values (49,"olivia.miller@hotmail.com","2023-05-30 00:35:06",default,"Reservation");
insert into Bor_Res values (7,"liam.stewart@gmail.com","2023-05-31 01:45:19",default,"Reservation");
insert into Bor_Res values (26,"ginny.weasley@yahoo.com","2023-05-31 11:00:57",default,"Reservation");
insert into Bor_Res values (111,"sybtr@divination.hogwarts.co.uk","2023-06-01 00:00:00",default,"Reservation");
insert into Bor_Res values (33,"daniel.adams@hotmail.com","2023-06-01 02:53:31",default,"Reservation");
insert into Bor_Res values (75,"emilyjackson320@gmail.com","2023-06-02 08:42:32",default,"Reservation");
insert into Bor_Res values (113,"fred.weasley@gmail.com","2023-06-02 09:00:00", default,"Reservation");
insert into Bor_Res values (78,"xxjacobmartinxx@yahoo.com","2023-06-02 10:33:07", default,"Reservation");
insert into Bor_Res values (75,"johndoe320@gmail.com","2023-06-02 12:09:57",default,"Reservation");
insert into Bor_Res values (80,"daniel.hill@hotmail.com","2022-06-02 14:23:51",default,"Reservation");
insert into Bor_Res values (15,"noah.wright@yahoo.com","2023-06-02 15:35:58",default,"Reservation");
insert into Bor_Res values (62,"draco.malfoy@gmail.com","2023-06-02 16:47:36",default,"Reservation");
insert into Bor_Res values (111,"parvati.patil@gmail.com","2023-06-02 17:51:14",default,"Reservation");
insert into Bor_Res values (33,"ava.anderson@yahoo.com","2023-06-02 17:59:26",default,"Reservation");
insert into Bor_Res values (82,"luna.lovegood@gmail.com","2023-06-02 18:19:37",default,"Reservation");
insert into Bor_Res values (60,"liam.stewart@gmail.com","2023-06-02 22:47:21",default,"Reservation");
insert into Bor_Res values (62,"ron.weasley@gmail.com","2023-06-02 23:09:52",default,"Reservation");
insert into Bor_Res values (61,"gkonstantinidis@example.com","2023-06-02 23:45:52",default,"Reservation");



insert into Evaluation 
values (90,"maria.tsoukalou@example.com","2022-03-15", 2, null),
(111,"sybtr@divination.hogwarts.co.uk","2022-06-12",4, "Oh, Merlin's beard! The Charms Coursebook is an absolute gem, my fellow witches and wizards! It's like holding a wand that's overflowing with enchantments. Every page is brimming with incantations, spells, and charms that'll make your heart flutter with excitement."),
(1,"christos.georgiou@example.com","2022-06-05", 1, null),
(80,"panagiotis.papadopoulos@example.com","2022-06-08",3, null),
(118,"draco.malfoy@gmail.com","2022-06-10",5, null),
(82,"ron.weasley@gmail.com","2022-06-18", 2, null),
(7,"liam.stewart@gmail.com","2022-06-13",4, null),
(22,"draco.malfoy@gmail.com","2022-07-02",3, null),
(26,"ron.weasley@gmail.com","2022-07-02",5, null),
(14,"isabella.campbell@gmail.com","2022-07-04", 2, null),
(20,"laurasmith712@hotmail.com","2022-07-17",4, null),
(21,"nikos.petridis@example.com","2022-07-18", 1, null),
(22,"hermione.granger@gmail.com","2022-07-26",3, null),
(80,"daniel.hill@hotmail.com","2022-07-17",5, null),
(61,"sophia.clark@yahoo.com","2022-07-17", 2, null),
(94,"emma.king@hotmail.com","2022-09-07",4, null),
(69,"nikos.petridis@example.com","2022-09-22", 1, null),
(4,"samwilson712@gmail.com","2022-09-20",3, null),
(75,"nikos.petridis@example.com","2022-09-25",5, null),
(73,"emilyjackson320@gmail.com","2022-09-25", 2, null),
(5,"sophie.hughes@yahoo.com","2022-10-02",4, null),
(75,"johndoe320@gmail.com","2022-10-09", 1, null),
(119,"hagrid@hogwarts.co.uk","2022-10-16",3,
"The school book I studied provided a comprehensive overview of the subject matter in a clear and organized manner.
While it served its purpose as an educational resource, it lacked engaging examples and practical applications.
It presented the information in a straightforward way but could have been more interactive to enhance the learning experience."),
(12,"gkonstantinidis@example.com","2022-10-28",5, null),
(92,"ava.mitchell@hotmail.com","2022-11-06", 2, null),
(98,"christos.georgiou@example.com","2022-11-06",4, null),
(55,"parvati.patil@gmail.com","2022-11-04", 1, null),
(65,"johndoe320@gmail.com","2022-11-23",3, null),
(115,"hermione.granger@gmail.com","2023-01-03",5, null),
(46,"sophia.clark@yahoo.com","2023-01-05", 2, null),
(99,"olivia.miller@hotmail.com","2023-02-11",4, null),
(61,"jackson.roberts@yahoo.com","2023-02-15", 1, null),
(9,"liam.stewart@gmail.com","2023-02-20",3, null),
(39,"olivia.miller@hotmail.com","2023-02-28",5, null),
(37,"marina.pavlou@example.com","2023-03-09", 2, null),
(15,"sophia.clark@yahoo.com","2023-03-01",4, null),
(51,"ron.weasley@gmail.com","2023-03-02", 1, "I slept at least 10 times reading the first 15 pages.
If you value your time and your eyesight stay away!"),
(86,"olivia.miller@hotmail.com","2023-03-04",3, null),
(57,"samwilson712@gmail.com","2023-03-10",5, null),
(104,"matthew.carter@gmail.com","2023-03-14", 2, null),
(110,"george.weasley@gmail.com","2023-03-10",4, null),
(81,"nikos.petridis@example.com","2023-03-18", 1, null),
(31,"xxjacobmartinxx@yahoo.com","2023-03-27",3, null),
(11,"ava.anderson@yahoo.com","2023-03-31",5, null),
(47,"xxjacobmartinxx@yahoo.com","2023-04-05", 2, null),
(61,"gkonstantinidis@example.com","2023-04-18",4, null),
(33,"laurasmith712@hotmail.com","2023-04-11", 1, null),
(111,"ginny.weasley@yahoo.com","2023-04-21",3, null),
(78,"xxjacobmartinxx@yahoo.com","2023-04-22",5, null);
